三事本,110913,\\192.168.1.126\necsv\Projects\3.PMeye2Q\05. Data\三事本\110913\PJ会議資料 三事本 110913.xls
三事本,110908,\\192.168.1.126\necsv\Projects\3.PMeye2Q\05. Data\三事本\110908\PJ会議資料 三事本 110908.xls
三事本,110907,\\192.168.1.126\necsv\Projects\3.PMeye2Q\05. Data\三事本\110907\PJ会議資料 三事本 110907.xls
三事本,110905,\\192.168.1.126\necsv\Projects\3.PMeye2Q\05. Data\三事本\110905\PJ会議資料 三事本 110905.xls
三事本,110831,\\192.168.1.126\necsv\Projects\3.PMeye2Q\05. Data\三事本\110831\PJ会議資料 三事本 110831.xls
三事本,110829,\\192.168.1.126\necsv\Projects\3.PMeye2Q\05. Data\三事本\110829\PJ会議資料 三事本 110829.xls
三事本,110823,\\192.168.1.126\necsv\Projects\3.PMeye2Q\05. Data\三事本\110823\PJ会議資料 三事本 110823_G別集計一覧.xls
三事本,110823,\\192.168.1.126\necsv\Projects\3.PMeye2Q\05. Data\三事本\110823\PJ会議資料 三事本 110823_全PJ一覧.xls
三事本,110823,\\192.168.1.126\necsv\Projects\3.PMeye2Q\05. Data\三事本\110823\PJ会議資料 三事本 110823_指摘PJ一覧.xls
三事本,110823,3
三事本,110816,\\192.168.1.126\necsv\Projects\3.PMeye2Q\05. Data\三事本\110816\PJ会議資料 三事本 1108161.xls
三事本,110812,\\192.168.1.126\necsv\Projects\3.PMeye2Q\05. Data\三事本\110812\PJ会議資料 三事本 110812.xls
三事本,110812,\\192.168.1.126\necsv\Projects\3.PMeye2Q\05. Data\三事本\110812\PJ会議資料 三事本 1108121.xls
三事本,110812,\\192.168.1.126\necsv\Projects\3.PMeye2Q\05. Data\三事本\110812\PJ会議資料 三事本 11081210.xls
三事本,110812,\\192.168.1.126\necsv\Projects\3.PMeye2Q\05. Data\三事本\110812\PJ会議資料 三事本 11081211.xls
三事本,110812,\\192.168.1.126\necsv\Projects\3.PMeye2Q\05. Data\三事本\110812\PJ会議資料 三事本 11081212.xls
三事本,110812,\\192.168.1.126\necsv\Projects\3.PMeye2Q\05. Data\三事本\110812\PJ会議資料 三事本 11081212a.xls
三事本,110812,\\192.168.1.126\necsv\Projects\3.PMeye2Q\05. Data\三事本\110812\PJ会議資料 三事本 1108121a.xls
三事本,110812,\\192.168.1.126\necsv\Projects\3.PMeye2Q\05. Data\三事本\110812\PJ会議資料 三事本 1108122.xls
三事本,110812,\\192.168.1.126\necsv\Projects\3.PMeye2Q\05. Data\三事本\110812\PJ会議資料 三事本 11081223a.xls
三事本,110812,\\192.168.1.126\necsv\Projects\3.PMeye2Q\05. Data\三事本\110812\PJ会議資料 三事本 1108123.xls
三事本,110812,\\192.168.1.126\necsv\Projects\3.PMeye2Q\05. Data\三事本\110812\PJ会議資料 三事本 11081234a.xls
三事本,110812,\\192.168.1.126\necsv\Projects\3.PMeye2Q\05. Data\三事本\110812\PJ会議資料 三事本 1108124.xls
三事本,110812,\\192.168.1.126\necsv\Projects\3.PMeye2Q\05. Data\三事本\110812\PJ会議資料 三事本 1108125.xls
三事本,110812,\\192.168.1.126\necsv\Projects\3.PMeye2Q\05. Data\三事本\110812\PJ会議資料 三事本 1108126.xls
三事本,110812,\\192.168.1.126\necsv\Projects\3.PMeye2Q\05. Data\三事本\110812\PJ会議資料 三事本 1108127.xls
三事本,110812,\\192.168.1.126\necsv\Projects\3.PMeye2Q\05. Data\三事本\110812\PJ会議資料 三事本 1108128.xls
三事本,110812,16
三事本,110810,\\192.168.1.126\necsv\Projects\3.PMeye2Q\05. Data\三事本\110810\PJ会議資料 三事本 110810.xls
三事本,110805,\\192.168.1.126\necsv\Projects\3.PMeye2Q\05. Data\三事本\110805\PJ会議資料 三事本 110805.xls
三事本,110801,\\192.168.1.126\necsv\Projects\3.PMeye2Q\05. Data\三事本\110801\PJ会議資料 三事本 110801_G別集計一覧.xls
三事本,110801,\\192.168.1.126\necsv\Projects\3.PMeye2Q\05. Data\三事本\110801\PJ会議資料 三事本 110801_指摘PJ一覧.xls
三事本,110801,2
三事本,110731,\\192.168.1.126\necsv\Projects\3.PMeye2Q\05. Data\三事本\110731\PJ会議資料 三事本 110731_G別集計一覧.xls
三事本,110731,\\192.168.1.126\necsv\Projects\3.PMeye2Q\05. Data\三事本\110731\PJ会議資料 三事本 110731_指摘PJ一覧.xls
三事本,110731,2
三事本,110729,\\192.168.1.126\necsv\Projects\3.PMeye2Q\05. Data\三事本\110729\PJ会議資料 三事本 110729.xls
三事本,110726,\\192.168.1.126\necsv\Projects\3.PMeye2Q\05. Data\三事本\110726\PJ会議資料 三事本 110726.xls
三事本,110629,\\192.168.1.126\necsv\Projects\3.PMeye2Q\05. Data\三事本\110629\PJ会議資料 三事本 110629.xls
三事本,100801,\\192.168.1.126\necsv\Projects\3.PMeye2Q\05. Data\三事本\100801\PJ会議資料 三事本 100801.xls
三事本,100801,\\192.168.1.126\necsv\Projects\3.PMeye2Q\05. Data\三事本\100801\PJ会議資料 三事本 100801b.xls
三事本,100801,2
